matriz,linhas,colunas,versao,trabalhadores,repeticao,tempo_ms,objetos,resultado_correto
matriz 500x500.txt,500,500,sequencial,1,1-1,16.866,911,true
matriz 500x500.txt,500,500,paralela,1,1,17.697,911,true
matriz 500x500.txt,500,500,sequencial,1,1-2,16.537,911,true
matriz 500x500.txt,500,500,paralela,1,2,19.768,911,true
matriz 500x500.txt,500,500,sequencial,1,1-3,16.809,911,true
matriz 500x500.txt,500,500,paralela,1,3,20.201,911,true
matriz 500x500.txt,500,500,sequencial,1,1-4,13.747,911,true
matriz 500x500.txt,500,500,paralela,1,4,19.447,911,true
matriz 500x500.txt,500,500,sequencial,1,1-5,15.938,911,true
matriz 500x500.txt,500,500,paralela,1,5,19.454,911,true
matriz 500x500.txt,500,500,sequencial,1,2-1,14.983,911,true
matriz 500x500.txt,500,500,paralela,2,1,10.588,911,true
matriz 500x500.txt,500,500,sequencial,1,2-2,17.091,911,true
matriz 500x500.txt,500,500,paralela,2,2,12.218,911,true
matriz 500x500.txt,500,500,sequencial,1,2-3,15.916,911,true
matriz 500x500.txt,500,500,paralela,2,3,11.723,911,true
matriz 500x500.txt,500,500,sequencial,1,2-4,17.178,911,true
matriz 500x500.txt,500,500,paralela,2,4,12.027,911,true
matriz 500x500.txt,500,500,sequencial,1,2-5,16.699,911,true
matriz 500x500.txt,500,500,paralela,2,5,11.739,911,true
matriz 500x500.txt,500,500,sequencial,1,4-1,17.269,911,true
matriz 500x500.txt,500,500,paralela,4,1,8.304,911,true
matriz 500x500.txt,500,500,sequencial,1,4-2,17.270,911,true
matriz 500x500.txt,500,500,paralela,4,2,7.343,911,true
matriz 500x500.txt,500,500,sequencial,1,4-3,14.871,911,true
matriz 500x500.txt,500,500,paralela,4,3,7.600,911,true
matriz 500x500.txt,500,500,sequencial,1,4-4,14.153,911,true
matriz 500x500.txt,500,500,paralela,4,4,6.798,911,true
matriz 500x500.txt,500,500,sequencial,1,4-5,16.600,911,true
matriz 500x500.txt,500,500,paralela,4,5,7.250,911,true
matriz 500x500.txt,500,500,sequencial,1,8-1,15.229,911,true
matriz 500x500.txt,500,500,paralela,8,1,5.924,911,true
matriz 500x500.txt,500,500,sequencial,1,8-2,16.970,911,true
matriz 500x500.txt,500,500,paralela,8,2,5.865,911,true
matriz 500x500.txt,500,500,sequencial,1,8-3,15.403,911,true
matriz 500x500.txt,500,500,paralela,8,3,6.022,911,true
matriz 500x500.txt,500,500,sequencial,1,8-4,14.995,911,true
matriz 500x500.txt,500,500,paralela,8,4,5.819,911,true
matriz 500x500.txt,500,500,sequencial,1,8-5,16.481,911,true
matriz 500x500.txt,500,500,paralela,8,5,5.100,911,true
tests/grande_2000x2000.txt,2000,2000,sequencial,1,1-1,145.022,13345,true
tests/grande_2000x2000.txt,2000,2000,paralela,1,1,165.831,13345,true
tests/grande_2000x2000.txt,2000,2000,sequencial,1,1-2,173.370,13345,true
tests/grande_2000x2000.txt,2000,2000,paralela,1,2,200.083,13345,true
tests/grande_2000x2000.txt,2000,2000,sequencial,1,1-3,152.812,13345,true
tests/grande_2000x2000.txt,2000,2000,paralela,1,3,161.637,13345,true
tests/grande_2000x2000.txt,2000,2000,sequencial,1,1-4,145.779,13345,true
tests/grande_2000x2000.txt,2000,2000,paralela,1,4,162.909,13345,true
tests/grande_2000x2000.txt,2000,2000,sequencial,1,1-5,135.586,13345,true
tests/grande_2000x2000.txt,2000,2000,paralela,1,5,165.790,13345,true
tests/grande_2000x2000.txt,2000,2000,sequencial,1,2-1,133.521,13345,true
tests/grande_2000x2000.txt,2000,2000,paralela,2,1,92.027,13345,true
tests/grande_2000x2000.txt,2000,2000,sequencial,1,2-2,134.354,13345,true
tests/grande_2000x2000.txt,2000,2000,paralela,2,2,94.227,13345,true
tests/grande_2000x2000.txt,2000,2000,sequencial,1,2-3,134.389,13345,true
tests/grande_2000x2000.txt,2000,2000,paralela,2,3,94.808,13345,true
tests/grande_2000x2000.txt,2000,2000,sequencial,1,2-4,133.051,13345,true
tests/grande_2000x2000.txt,2000,2000,paralela,2,4,93.606,13345,true
tests/grande_2000x2000.txt,2000,2000,sequencial,1,2-5,132.001,13345,true
tests/grande_2000x2000.txt,2000,2000,paralela,2,5,91.494,13345,true
tests/grande_2000x2000.txt,2000,2000,sequencial,1,4-1,131.363,13345,true
tests/grande_2000x2000.txt,2000,2000,paralela,4,1,59.229,13345,true
tests/grande_2000x2000.txt,2000,2000,sequencial,1,4-2,134.972,13345,true
tests/grande_2000x2000.txt,2000,2000,paralela,4,2,61.509,13345,true
tests/grande_2000x2000.txt,2000,2000,sequencial,1,4-3,134.638,13345,true
tests/grande_2000x2000.txt,2000,2000,paralela,4,3,58.669,13345,true
tests/grande_2000x2000.txt,2000,2000,sequencial,1,4-4,134.619,13345,true
tests/grande_2000x2000.txt,2000,2000,paralela,4,4,59.975,13345,true
tests/grande_2000x2000.txt,2000,2000,sequencial,1,4-5,134.285,13345,true
tests/grande_2000x2000.txt,2000,2000,paralela,4,5,60.302,13345,true
tests/grande_2000x2000.txt,2000,2000,sequencial,1,8-1,133.904,13345,true
tests/grande_2000x2000.txt,2000,2000,paralela,8,1,44.926,13345,true
tests/grande_2000x2000.txt,2000,2000,sequencial,1,8-2,132.488,13345,true
tests/grande_2000x2000.txt,2000,2000,paralela,8,2,45.591,13345,true
tests/grande_2000x2000.txt,2000,2000,sequencial,1,8-3,137.805,13345,true
tests/grande_2000x2000.txt,2000,2000,paralela,8,3,44.085,13345,true
tests/grande_2000x2000.txt,2000,2000,sequencial,1,8-4,134.170,13345,true
tests/grande_2000x2000.txt,2000,2000,paralela,8,4,42.737,13345,true
tests/grande_2000x2000.txt,2000,2000,sequencial,1,8-5,133.791,13345,true
tests/grande_2000x2000.txt,2000,2000,paralela,8,5,42.759,13345,true
